ID,Módulo,Fase del Ciclo,Descripción de la Actividad,Estimación (horas),Presupuesto (COP)
P-01,Gestión del Proyecto,Planificación,"Definición del objetivo general y específicos del proyecto: adherencia médica, estimulación cognitiva, seguridad SOS y accesibilidad A11y para adultos mayores",4,$0
P-02,Gestión del Proyecto,Planificación,"Evaluación de viabilidad técnica y financiera. Selección del stack tecnológico: Flutter (frontend) + Python/Flask (backend) + SQLite/PostgreSQL. Costo de infraestructura: $0 COP en entorno de desarrollo local",4,$0
P-03,Gestión del Proyecto,Planificación,"Definición de plazos: Mes 1 (DB + módulo Salud), Mes 2 (Gamificación + Seguridad), Mes 3 (Pruebas + A11y + entrega). Cronograma académico",3,$0
P-04,Gestión del Proyecto,Planificación,"Identificación de recursos humanos: 1 programador principal + 2-3 adultos mayores como grupo focal para pruebas de usabilidad",2,$0
P-05,Gestión del Proyecto,Planificación,"Identificación de recursos de hardware: PC de desarrollo, dispositivo Android físico, iPhone 15 para pruebas iOS cross-platform",1,$0
P-06,Gestión del Proyecto,Planificación,"Configuración del repositorio Git y estructura inicial del monorepo (app/ + backend/). Convenciones de commits y branching strategy",2,$0
A-01,Módulo de Salud (Medicamentos),Análisis,"Relevamiento del proyecto .NET MAUI de referencia: auditoría de Models/Medicamento.cs. Campos requeridos: Id, Nombre, Miligramos, Notas, Frecuencia (horas), FechaInicio, HoraAlarma, EstaTomado, Icono, CantidadRestante, UmbralAlerta",5,$0
A-02,Módulo de Salud (Medicamentos),Análisis,"Levantamiento de requerimientos funcionales del módulo de medicamentos: registro de medicamento con dosis y horario, cálculo de tomas por día según frecuencia, marcado de tomado/no-tomado, descuento automático de inventario",4,$0
A-03,Módulo de Salud (Medicamentos),Análisis,"Análisis del sistema de alarmas (.NET AlarmService.cs): notificaciones locales repetitivas (NotifyRepeatInterval) con canal Android 'medicacion_diaria'. Equivalencia en Flutter: flutter_local_notifications",3,$0
A-04,Módulo de Salud (Medicamentos),Análisis,"Análisis del control de inventario: lógica AlertaInventario (CantidadRestante > 0 && CantidadRestante <= UmbralAlerta). Alerta visual y modal emergente cuando cruza umbral bajo (default: 5 pastillas)",3,$0
A-05,Módulo de Salud (Medicamentos),Análisis,"Análisis del generador de Reporte Médico (ReportService.cs): secciones de datos del paciente, medicamentos con estado diario, contactos de emergencia y % de cumplimiento. Formato de salida: .txt (MAUI) → PDF profesional (Flutter)",4,$0
A-06,Módulo de Salud (Medicamentos),Análisis,"Definición de casos de uso del módulo de medicamentos: CU-MED-01 (Registrar), CU-MED-02 (Ver lista), CU-MED-03 (Marcar tomado), CU-MED-04 (Editar/Eliminar), CU-MED-05 (Exportar reporte PDF), CU-MED-06 (Agregar desde sugerencias)",6,$0
A-07,Módulo de Metas y Hábitos,Análisis,"Relevamiento del modelo Meta.cs: campos Id, Nombre, Icono, Objetivo, Progreso, Unidad, Frecuencia, FechaInicio, FechaFin, Completada. Propiedades calculadas: Porcentaje, TextoProgreso, MensajeExito (8 mensajes por tipo), Recomendacion",5,$0
A-08,Módulo de Metas y Hábitos,Análisis,"Análisis de la lógica de ciclo de vida de Metas (HomeViewModel.cs): metas activas (FechaFin >= hoy), metas completadas hoy, metas vencidas sin completar con retroalimentación motivacional y recomendaciones personalizadas",4,$0
A-09,Módulo de Metas y Hábitos,Análisis,"Relevamiento del modelo Habito.cs: campos Tipo, Meta, ProgresoActual, Fecha, Porcentaje. Historial de hábitos filtrado por fecha. Diferenciación entre Habito (registro diario) y Meta (objetivo con rango de fechas)",3,$0
A-10,Módulo de Metas y Hábitos,Análisis,"Definición de casos de uso: CU-META-01 (Crear meta con sugerencias), CU-META-02 (Incrementar progreso), CU-META-03 (Ver resumen diario % completado), CU-META-04 (Celebración al 100%), CU-META-05 (Evaluación de metas vencidas)",5,$0
A-11,Módulo de Juegos Cognitivos,Análisis,"Relevamiento del juego Buscar Pares (JuegosViewModel.cs + BuscarParesPage): 12 fichas (6 pares), cronómetro, contador de intentos, lógica de emparejamiento con delay de 1000ms para fichas incorrectas, persistencia de resultado en ActividadCognitiva",5,$0
A-12,Módulo de Juegos Cognitivos,Análisis,"Relevamiento del juego Trivia (TriviaPage.xaml.cs ~16KB): sistema de preguntas con opciones múltiples, feedback visual por respuesta, retroalimentación explicativa, acumulación de puntaje y resumen final",4,$0
A-13,Módulo de Juegos Cognitivos,Análisis,"Relevamiento del juego Sopa de Letras (SopaLetrasPage.xaml.cs ~17KB): matriz de 8x8 caracteres, palabras temáticas de salud, selección por toque, validación de palabras encontradas",4,$0
A-14,Módulo de Juegos Cognitivos,Análisis,"Relevamiento del juego Ordenar Secuencia (OrdenarSecuenciaPage.xaml.cs ~19KB): secuencias de rutinas de salud, drag-and-drop de pasos, validación del orden correcto, puntaje basado en precisión",4,$0
A-15,Módulo de Juegos Cognitivos,Análisis,"Análisis del modelo ActividadCognitiva.cs: campos TipoJuego, Puntaje, FechaRealizacion. Definición de casos de uso: CU-JUG-01 (Jugar), CU-JUG-02 (Guardar puntaje), CU-JUG-03 (Ver historial), CU-JUG-04 (Seleccionar juego desde menú)",4,$0
A-16,Módulo de Contactos,Análisis,"Relevamiento del modelo Contacto.cs: campos Id, Nombre, Telefono, Ubicacion, Relacion, Icono, ColorIcono, ColorAvatar (generado por hash del nombre), EsFavorito, EsEmergencia. Paleta de 10 colores para avatares automáticos",4,$0
A-17,Módulo de Contactos,Análisis,"Análisis de ContactosViewModel.cs: segmentación en 3 listas (Emergencias, Favoritos, Otros), integración con ContactService (RealizarLlamada vía tel:), importación nativa desde agenda del dispositivo (MAUI Contacts API → flutter_contacts)",4,$0
A-18,Módulo de Contactos,Análisis,"Análisis del flujo SOS: GetContactoEmergenciaAsync() obtiene el primer contacto con EsEmergencia=true y dispara llamada directa. Sin popups intermedios. Tiempo crítico de respuesta. Botón rojo gigante de 72dp de alto en HomePage",3,$0
A-19,Módulo de Contactos,Análisis,"Definición de casos de uso: CU-CON-01 (Agregar contacto manual), CU-CON-02 (Importar desde agenda), CU-CON-03 (Llamar directo), CU-CON-04 (Enviar SMS), CU-CON-05 (Marcar como emergencia SOS), CU-CON-06 (Marcar como favorito), CU-CON-07 (Ver detalle)",5,$0
A-20,Módulo de Perfil de Usuario,Análisis,"Relevamiento del modelo PerfilUsuario.cs: campos Nombre, Edad, TipoSangre, Alergias, Condiciones, Telefono, FechaRegistro. Propiedades calculadas: EstaCompleto, TextoEdad, Inicial (primera letra), ColorAvatar (basado en nombre)",3,$0
A-21,Módulo de Perfil de Usuario,Análisis,"Análisis del onboarding: VerificarPrimerInicioAsync() muestra BienvenidaPopup si no existe perfil ni nombre guardado en Preferences. Flujo de primer uso crítico para completar ficha médica",3,$0
A-22,Módulo de Perfil de Usuario,Análisis,"Definición de casos de uso: CU-PERF-01 (Crear perfil en onboarding), CU-PERF-02 (Ver ficha médica), CU-PERF-03 (Editar perfil), CU-PERF-04 (Incluir datos en reporte médico)",3,$0
A-23,Módulo de Inicio (Home),Análisis,"Análisis de HomeViewModel.cs (~413 líneas): integración de todos los módulos. Lógica de saludo dinámico por hora (buenos días/tardes/noches), cálculo de próxima medicina (pendiente con horario más cercano), % de metas completadas, botón SOS",5,$0
A-24,Autenticación y Seguridad,Análisis,"Análisis de la gestión de identidad: en MAUI se usa Preferences.Get('nombre_usuario'). En Flutter se escala a JWT (access_token + refresh_token) en SecureStorage. Escalabilidad para OAuth2 (Google, Microsoft) en el futuro",4,$0
A-25,Persistencia de Datos,Análisis,"Análisis de DatabaseService.cs: base de datos SQLite local con SQLiteAsyncConnection, SemaphoreSlim para thread-safety, inicialización lazy de tablas (Medicamento, Contacto, ActividadCognitiva, Habito, Meta, PerfilUsuario). Equivalencia en Flutter: SQLite local + API Flask remota",5,$0
A-26,Accesibilidad (A11y),Análisis,"Definición de estándares de accesibilidad aplicados: fuente mínima 18sp (Nunito/familia), alto contraste (naranja cálido #F97316, verde salud #0D9488, rojo emergencia #DC2626), botones mínimos 48dp (SOS: 72dp), navegación por barra inferior (no menús ocultos)",4,$0
A-27,Accesibilidad (A11y),Análisis,"Análisis de requisitos de usuario objetivo: adultos mayores con posible destreza motriz reducida y agudeza visual limitada. Funcionamiento offline garantizado (SQLite local). Cero fricción en flujo de emergencia",3,$0
A-28,Infraestructura y DevOps,Análisis,"Análisis de requerimientos de infraestructura: entorno local (Flutter + Python/Flask + SQLite), sin costos de servidor en producción inicial. Licencia de publicación en Google Play (~$25 USD pago único). Análisis de alternativas: Firebase vs. backend propio",3,$0
D-01,Arquitectura General,Diseño,"Diseño de la arquitectura en capas del frontend Flutter: Capa de UI (Screens/Widgets), Capa de Lógica (Providers Riverpod con @riverpod + Notifiers), Capa de Datos (Repositories + Models Freezed). Patrón: MVVM → Provider/Repository",6,$0
D-02,Arquitectura General,Diseño,"Diseño de la arquitectura del backend Flask: estructura por features (api/, models/, schemas/, services/). Autenticación JWT con flask-jwt-extended. Marshmallow para serialización. SQLAlchemy + Flask-Migrate para ORM",5,$0
D-03,Base de Datos,Diseño,"Diseño del diagrama Entidad-Relación (ER): tablas usuarios, perfil_usuario, medicamentos, contactos, actividades_cognitivas, habitos, metas. Relaciones: usuario_id como FK en todas las entidades principales",6,$0
D-04,Base de Datos,Diseño,"Diseño del esquema SQLite local para Flutter (offline-first): mirrors de los modelos del backend para caché local. Estrategia de sincronización eventual cuando hay conexión disponible",4,$0
D-05,Módulo de Salud (Medicamentos),Diseño,"Diseño de pantallas del módulo de medicamentos: MedicamentosScreen (lista ordenada no-tomados primero), MedicamentoDetailScreen (detalle con horario, inventario, notas), AddMedicamentoDialog (carrusel de sugerencias: Acetaminofén, Ibuprofeno, Losartán, Metformina, Vitamina C)",6,$0
D-06,Módulo de Salud (Medicamentos),Diseño,"Diseño del modelo Medicamento en Flutter (Freezed): campos nullable, getters textoBoton, textoInventario, alertaInventario, horarioDiario calculado, mapa de equivalencia con backend Flask. Migración de TimeSpan → String ISO 8601",4,$0
D-07,Módulo de Salud (Medicamentos),Diseño,"Diseño de la API REST de medicamentos: GET /api/medicamentos, POST /api/medicamentos, PUT /api/medicamentos/{id}, PATCH /api/medicamentos/{id}/tomar, DELETE /api/medicamentos/{id}. Response schemas con Marshmallow",4,$0
D-08,Módulo de Salud (Medicamentos),Diseño,"Diseño del servicio de notificaciones locales (NotificationService): canal 'medicacion_diaria' en Android, inicialización en main.dart, método programarRecordatorio(medicamento), método cancelarNotificacion(id)",3,$0
D-09,Módulo de Salud (Medicamentos),Diseño,"Diseño del servicio de reportes PDF (PdfReportService): secciones datos del paciente, tabla de medicamentos con columnas Nombre/Dosis/Frecuencia/Tomado, contactos de emergencia, pie de página con fecha de generación. Librería: package:pdf",5,$0
D-10,Módulo de Metas y Hábitos,Diseño,"Diseño de pantallas del módulo de metas: tarjetas en HomeScreen con barra de progreso, ícono, nombre, progreso actual/objetivo y mensaje motivacional. Botón '+ Meta' flotante con AddMetaDialog (chips de sugerencias: Agua, Caminata, Sueño, Ejercicio, Lectura, Meditación)",5,$0
D-11,Módulo de Metas y Hábitos,Diseño,"Diseño del modelo Meta en Flutter (Freezed): campos nullable, método obtenerMensajeMotivacional() con 8 categorías de mensajes y fallback genérico. JsonKey para mapeo de snake_case del backend",4,$0
D-12,Módulo de Metas y Hábitos,Diseño,"Diseño de la API REST de metas: GET /api/metas, POST /api/metas, PATCH /api/metas/{id}/progreso, DELETE /api/metas/{id}. Cálculo de porcentaje en MetaSchema de Marshmallow",3,$0
D-13,Módulo de Juegos Cognitivos,Diseño,"Diseño de la pantalla JuegosScreen: grid de 4 tarjetas de juego (Buscar Pares, Trivia, Ordenar Secuencia, Sopa de Letras), historial de puntajes del backend con fecha y puntaje, ranking visual",4,$0
D-14,Módulo de Juegos Cognitivos,Diseño,"Diseño del juego Buscar Pares en Flutter: GridView 3x4, tarjetas con AnimatedSwitcher para voltear, estado estaVolteada/estaEmparejada, cronómetro, contador de intentos, diálogo de fin de juego",5,$0
D-15,Módulo de Juegos Cognitivos,Diseño,"Diseño del juego Trivia en Flutter: 10 preguntas con 4 opciones, feedback por color (verde/rojo), explicación de respuesta correcta, barra de progreso, puntaje final. Banco de preguntas temáticas de salud",5,$0
D-16,Módulo de Juegos Cognitivos,Diseño,"Diseño del juego Sopa de Letras en Flutter: matriz 8x8, gesture detector para selección, resaltado de letras seleccionadas, lista de palabras a encontrar con tachado al hallarlas. Palabras: salud, corazón, agua, vitamina, ejercicio, descanso, alegría, mente",5,$0
D-17,Módulo de Juegos Cognitivos,Diseño,"Diseño del juego Ordenar Secuencia en Flutter: 4 rutinas de salud (Hidratación, Ejercicio Suave, Medicación, Descanso), drag-and-drop de pasos, validación de orden, puntaje por posiciones correctas",5,$0
D-18,Módulo de Juegos Cognitivos,Diseño,"Diseño de la API de puntajes: POST /api/juegos/puntaje (guarda ActividadCognitiva), GET /api/juegos/puntaje (historial por usuario con paginación)",3,$0
D-19,Módulo de Contactos,Diseño,"Diseño de pantallas del módulo de contactos: ContactosScreen con 3 secciones (🆘 Emergencias en rojo, ⭐ Favoritos, 👥 Otros), ContactoDetailScreen con avatar de inicial + color, botones masivos de Llamar/SMS/WhatsApp, AddContactoDialog",6,$0
D-20,Módulo de Contactos,Diseño,"Diseño del flujo de importación de contactos desde agenda: verificación de permiso (Permission.contacts), selector nativo del SO, mapeo nombre+teléfono al modelo Contacto, confirmación visual de importación exitosa",3,$0
D-21,Módulo de Contactos,Diseño,"Diseño de la API REST de contactos: GET /api/contactos, POST /api/contactos, PUT /api/contactos/{id}, DELETE /api/contactos/{id}. Filtros: ?es_emergencia=true, ?es_favorito=true",4,$0
D-22,Módulo de Perfil de Usuario,Diseño,"Diseño de la pantalla PerfilScreen: avatar circular con inicial+color, campos de solo-lectura (nombre, edad, tipo de sangre, alergias, condiciones, teléfono), botón 'Editar perfil' que activa modo edición in-place",4,$0
D-23,Módulo de Perfil de Usuario,Diseño,"Diseño del flujo de onboarding: BienvenidaDialog al primer inicio (si no existe perfil), formulario de datos básicos de salud, guardado en backend y SecureStorage, actualización del saludo en HomeScreen",4,$0
D-24,Módulo de Perfil de Usuario,Diseño,"Diseño de la API REST de perfil: GET /api/perfil, PUT /api/perfil (crear o actualizar). Un perfil por usuario vía FK usuario_id + JWT",3,$0
D-25,Autenticación y Seguridad,Diseño,"Diseño del sistema de autenticación JWT: LoginScreen, RegisterScreen, AuthNotifier (StateNotifier con estado authenticated/unauthenticated/loading/error), SecureStorageService (access_token + refresh_token), interceptor Dio para renovación automática de tokens",6,$0
D-26,Autenticación y Seguridad,Diseño,"Diseño de la API de autenticación: POST /auth/register, POST /auth/login, POST /auth/refresh, POST /auth/logout. Modelo Usuario con bcrypt para hashing de contraseña. Escalabilidad para OAuth2 (Google, Microsoft)",5,$0
D-27,Infraestructura y Red,Diseño,"Diseño del cliente HTTP (ApiClient con Dio): baseUrl configurable (app_config.dart), interceptores de autenticación (inyección de Bearer token), interceptor de error (manejo de 401, 404, 500 con mensajes amigables), timeout de 30 segundos",4,$0
D-28,Diseño de UI/UX,Diseño,"Definición del sistema de diseño (Design System): AppColors (primaryOrange #F97316, healthGreen #0D9488, emergencyRed #DC2626, background #FFF8F0), AppTypography (Nunito, escala mínima 18sp), AppTheme, EcbCard (widget reutilizable)",5,$0
D-29,Diseño de UI/UX,Diseño,"Diseño del sistema de navegación: GoRouter con StatefulShellRoute (5 pestañas persistentes: Inicio, Medicinas, Juegos, Contactos, Perfil), rutas de autenticación (/login, /register), subrutas de juegos (/juegos/buscar-pares, etc.), redirección basada en estado de autenticación",5,$0
D-30,Accesibilidad (A11y),Diseño,"Diseño de componentes accesibles: todos los botones mínimo 48dp de alto (SOS: 72dp de alto en rojo), labels semánticos para lectores de pantalla, contraste de color WCAG AA mínimo (4.5:1), textos de error descriptivos en formularios",4,$0
I-01,Configuración e Infraestructura,Implementación,"Configuración del proyecto Flutter: pubspec.yaml con todas las dependencias (flutter_riverpod, riverpod_annotation, go_router, dio, freezed, flutter_secure_storage, flutter_local_notifications, pdf, printing, url_launcher, permission_handler, flutter_contacts), análisis options con invalid_annotation_target: ignore",3,$0
I-02,Configuración e Infraestructura,Implementación,"Configuración del backend Flask: requirements.txt (flask, flask-jwt-extended, flask-sqlalchemy, flask-migrate, marshmallow, bcrypt, python-dotenv), entorno virtual venv_backend, estructura de carpetas app/models, app/api, app/schemas, app/services",3,$0
I-03,Módulo de Autenticación,Implementación,"Implementación de modelos SQLAlchemy (Usuario) y endpoints de autenticación Flask: POST /auth/register (hash bcrypt), POST /auth/login (JWT), POST /auth/refresh, POST /auth/logout con revocación de token",6,$0
I-04,Módulo de Autenticación,Implementación,"Implementación de LoginScreen y RegisterScreen en Flutter: formularios accesibles con validación, TextFormField de 18sp, ElevatedButton de 60dp, integración con AuthNotifier via Riverpod, manejo de errores y loading state",5,$0
I-05,Módulo de Autenticación,Implementación,"Implementación del ApiClient (Dio) con interceptores: inyección automática del Bearer token desde SecureStorage, manejo del refresh automático en 401, navegación a /login en token expirado",5,$0
I-06,Módulo de Salud (Medicamentos),Implementación,"Implementación del modelo SQLAlchemy Medicamento y schema Marshmallow. Endpoints Flask CRUD + PATCH /tomar (decrementa inventario, verifica umbral). Servicio MedicamentoService con lógica de negocio aislada",6,$0
I-07,Módulo de Salud (Medicamentos),Implementación,"Implementación del modelo Dart Medicamento (Freezed + json_serializable): campos nullable, getters textoBoton/textoInventario/alertaInventario/horarioDiario, ejecución de dart run build_runner build",5,$0
I-08,Módulo de Salud (Medicamentos),Implementación,"Implementación de MedicamentosNotifier (@riverpod), MedicamentoRepository (Dio), MedicamentosScreen, MedicamentoDetailScreen, AddMedicamentoDialog con carrusel de 5 sugerencias de fármacos comunes",8,$0
I-09,Módulo de Salud (Medicamentos),Implementación,"Implementación de NotificationService (flutter_local_notifications): inicialización en main.dart, canal Android 'medicacion_diaria', método programarRecordatorio con id derivado del hash del medicamento, método cancelar",4,$0
I-10,Módulo de Salud (Medicamentos),Implementación,"Implementación de PdfReportService (package:pdf + printing): generación asíncrona de PDF con secciones de perfil, tabla de medicamentos (pw.Table con estilos), contactos de emergencia y resumen de cumplimiento",5,$0
I-11,Módulo de Metas y Hábitos,Implementación,"Implementación del modelo SQLAlchemy Meta con cálculo de porcentaje en Schema. Endpoints Flask: GET, POST, PATCH /progreso, DELETE. MetaService con lógica de evaluación de metas vencidas",5,$0
I-12,Módulo de Metas y Hábitos,Implementación,"Implementación del modelo Dart Meta (Freezed): método obtenerMensajeMotivacional() con 8 categorías + fallback. MetasNotifier, MetaRepository, AddMetaDialog (chips de sugerencias). Integración con HomeScreen",6,$0
I-13,Módulo de Juegos Cognitivos,Implementación,"Implementación del juego Buscar Pares: BuscarParesScreen con GridView 3x4, AnimatedSwitcher para flip de tarjetas, cronómetro Timer.periodic, lógica de emparejamiento con delay 1000ms, guardado de puntaje al finalizar",6,$0
I-14,Módulo de Juegos Cognitivos,Implementación,"Implementación del juego Trivia: TriviaScreen con banco de 10 preguntas de salud, selección de opción con feedback de color, explicación post-respuesta, barra de progreso, puntaje final y guardado",6,$0
I-15,Módulo de Juegos Cognitivos,Implementación,"Implementación del juego Sopa de Letras: SopaLetrasScreen con matriz 8x8 de GestureDetector, algoritmo de búsqueda de palabras horizontal/vertical/diagonal, resaltado de selección, lista de palabras con estado encontrado",7,$0
I-16,Módulo de Juegos Cognitivos,Implementación,"Implementación del juego Ordenar Secuencia: OrdenarSecuenciaScreen con LongPressDraggable/DragTarget, 4 rutinas de salud, validación del orden, retroalimentación visual por paso correcto/incorrecto",7,$0
I-17,Módulo de Juegos Cognitivos,Implementación,"Implementación de JuegosScreen (menú + historial), JuegoRepository (API /api/juegos/puntaje), endpoint Flask POST/GET de ActividadCognitiva vinculada al usuario JWT",4,$0
I-18,Módulo de Contactos,Implementación,"Implementación del modelo SQLAlchemy Contacto, endpoints Flask CRUD, ContactoSchema Marshmallow. ContactoService con método getContactoEmergencia() para flujo SOS",5,$0
I-19,Módulo de Contactos,Implementación,"Implementación de ContactosNotifier, ContactoRepository, ContactosScreen (3 secciones), ContactoDetailScreen, AddContactoDialog, CallService (url_launcher tel:/sms:)",7,$0
I-20,Módulo de Contactos,Implementación,"Implementación de PhoneContactsService (flutter_contacts + permission_handler): solicitud de permiso, pickContact compatible multiplataforma, fallback para web/plataformas no soportadas",3,$0
I-21,Módulo de Perfil de Usuario,Implementación,"Implementación del modelo SQLAlchemy PerfilUsuario (FK usuario_id único), PerfilSchema, endpoints Flask GET /api/perfil y PUT /api/perfil. PerfilService",4,$0
I-22,Módulo de Perfil de Usuario,Implementación,"Implementación de PerfilNotifier, PerfilRepository, PerfilScreen con avatar circular + modo edición. BienvenidaDialog de onboarding para primer inicio",5,$0
I-23,Módulo de Inicio (Home),Implementación,"Implementación de HomeScreen: saludo dinámico por hora, sección de próxima medicina con countdown, sección de metas con barra de progreso + mensajes motivacionales, botón SOS rojo prominente (72dp de alto)",6,$0
I-24,Infraestructura y Red,Implementación,"Implementación del AppRouter (GoRouter): rutas de autenticación (/login, /register), StatefulShellRoute con 5 pestañas (Inicio, Medicinas, Juegos, Contactos, Perfil), subrutas de juegos, redirect basado en authNotifierProvider",5,$0
I-25,Configuración e Infraestructura,Implementación,"Ejecución de dart run build_runner build --delete-conflicting-outputs: generación de archivos .freezed.dart y .g.dart para todos los modelos y providers. Verificación con flutter analyze (0 errores)",2,$0
P2-01,Control de Calidad,Pruebas,"Pruebas unitarias del backend Flask: test de endpoints de autenticación (registro, login, refresh), pruebas de validación de datos con Marshmallow, pruebas de lógica de negocio de MedicamentoService",6,$0
P2-02,Control de Calidad,Pruebas,"Pruebas de integración del backend: pruebas end-to-end de flujos completos (registro → crear medicamento → marcar tomado → exportar reporte), pruebas de JWT expirado y renovación automática",5,$0
P2-03,Control de Calidad,Pruebas,"Widget tests en Flutter: prueba de LoginScreen (campos + validación), MedicamentosScreen (listado + toggle), HomeScreen (saludo + SOS). Uso de flutter_test y WidgetTester",6,$0
P2-04,Control de Calidad,Pruebas,"Pruebas de usabilidad con grupo focal de 2-3 adultos mayores: flujo de primer inicio (onboarding), registro de medicamento, uso del botón SOS, juego de Buscar Pares. Métricas: tasa de éxito por tarea, tiempo promedio",8,$0
P2-05,Control de Calidad,Pruebas,"Pruebas de accesibilidad: verificación de tamaños de fuente (mínimo 18sp), contraste de colores (WCAG AA), áreas táctiles (mínimo 48dp), prueba con TalkBack (Android) y VoiceOver (iOS)",4,$0
P2-06,Control de Calidad,Pruebas,"Pruebas de funcionamiento offline: desactivar conexión y verificar funcionamiento de notificaciones locales, acceso a datos en caché local, recuperación al reconectar. Prueba en dispositivo Android físico",4,$0
P2-07,Control de Calidad,Pruebas,"Pruebas cross-platform: compilación y ejecución en Android (APK debug), compilación en iOS (iPhone 15), prueba en navegador web (Chrome). Verificación de comportamiento coherente entre plataformas",5,$0
P2-08,Control de Calidad,Pruebas,"Pruebas de rendimiento: tiempo de carga de pantallas (<2s), fluidez de animaciones (60fps), tamaño de la APK generada, consumo de batería en uso continuo de notificaciones",4,$0
P2-09,Control de Calidad,Pruebas,"Corrección de bugs encontrados en pruebas: errores de compilación Dart (CrossAxisAlignment, medicamentosNotifierProvider), ajustes de layout en dispositivos con pantalla pequeña, corrección de typos en mensajes motivacionales",8,$0
D2-01,Documentación,Despliegue,"Generación del documento de análisis (este archivo): ciclo del software con todas las actividades transversales y paralelas. Formato Excel/CSV con ID, Módulo, Fase, Descripción, Estimación, Presupuesto",4,$0
D2-02,Documentación,Despliegue,"Elaboración del README.md del proyecto Flutter: descripción, stack tecnológico, arquitectura en capas, instrucciones de instalación del entorno virtual venv_backend, comandos de ejecución (flutter run, python run.py)",3,$0
D2-03,Documentación,Despliegue,"Documentación de la API REST Flask: descripción de cada endpoint (método, URL, headers, body, response), códigos de error, ejemplos de uso con curl/Postman. Generación de colección Postman",5,$0
D2-04,Documentación,Despliegue,"Elaboración del manual de usuario simplificado: guía visual de las 5 pantallas principales, instrucciones para el adulto mayor (cómo registrar un medicamento, cómo usar el SOS, cómo jugar). Formato PDF accesible",6,$0
D2-05,Gestión del Proyecto,Despliegue,"Auditoría de accesibilidad final: revisión con checklist de WCAG 2.1 nivel AA, verificación de contraste con herramienta Color Contrast Analyzer, revisión de navegación con teclado y lectores de pantalla",4,$0
D2-06,Gestión del Proyecto,Despliegue,"Preparación para publicación en Google Play Store: generación de APK release (flutter build apk --release), firma con keystore (envejecer.keystore ya existente), creación de ficha de la app con screenshots y descripción",5,$0
D2-07,Gestión del Proyecto,Despliegue,"Retrospectiva final del proyecto: análisis de desviaciones del cronograma, lecciones aprendidas, propuestas de mejora para próximas versiones (integración OAuth2, sincronización en la nube, wearables)",3,$0
